question,answer
What is the admission process?,"Parents can collect the admission form from the school office or apply online and submit the required documents."
When do admissions open?,"Admissions usually open in March every year."
What documents are required for admission?,"Birth certificate, previous school report card, B-Form, and passport size photographs are required."
Is there an age limit for admission?,"Yes, age limits are defined according to the class level."
Do you conduct an entrance test?,"Yes, an entrance test is conducted for most classes."
Is online admission available?,"Yes, online admission facility is available through the school website."
What is the monthly school fee?,"The monthly fee depends on the class and grade level."
Is there any admission fee?,"Yes, admission and registration fees are charged at the time of admission."
What payment methods are accepted?,"Fees can be paid via bank deposit, online transfer, or cash at school office."
Is there a late fee fine?,"Yes, a late fee fine is applied after the due date."
Do you offer fee concessions?,"Yes, fee concessions are available for deserving students."
Are scholarships available?,"Yes, merit-based scholarships are offered."
What are the school timings?,"School timings are from 8:00 AM to 1:30 PM."
What is the medium of instruction?,"The medium of instruction is English."
Which subjects are taught?,"English, Math, Science, Urdu, Islamiat, and Computer are taught."
How much homework is given?,"Homework is given daily according to class level."
How often are exams conducted?,"Monthly tests and term exams are conducted."
Are teachers qualified?,"Yes, all teachers are professionally trained and qualified."
What is the student-teacher ratio?,"The student-teacher ratio is maintained for effective learning."
Are parent-teacher meetings held?,"Yes, regular parent-teacher meetings are arranged."
Is transport facility available?,"Yes, school bus service is available in selected areas."
Does the school have a library?,"Yes, a well-equipped library is available."
Is there a computer lab?,"Yes, the school has a modern computer lab."
Are science labs available?,"Yes, physics, chemistry, and biology labs are available."
Does the school have a playground?,"Yes, a large playground is available for students."
Are sports activities included?,"Yes, sports and physical activities are part of the curriculum."
Are co-curricular activities offered?,"Yes, debates, quizzes, and art activities are conducted."
What is the school uniform?,"The school uniform details are provided at the time of admission."
Is attendance compulsory?,"Yes, minimum attendance is mandatory for exams."
Are mobile phones allowed?,"No, mobile phones are not allowed for students."
What is the discipline policy?,"Strict discipline is maintained to ensure a positive environment."
How are results announced?,"Results are shared through report cards and parent meetings."
What grading system is used?,"The school follows a standard grading system."
Is re-examination allowed?,"Yes, re-exams are allowed under special conditions."
Is medical facility available?,"Yes, first aid and medical support are available."
Does the school provide counseling?,"Yes, student counseling services are available."
How can parents contact the school?,"Parents can contact the school via phone, email, or visit the office."
How are complaints handled?,"Complaints can be submitted to the administration for resolution."
